{
	"fcgi":
	{
		"host": "127.0.0.1",
		"port": 9001
	},

	"fcgi:env": {
		"PHP_FCGI_CHILDREN": 8,
		"PHP_FCGI_MAX_REQUESTS": 0
	},
	
	"scenario":
	{
		"cache": {
			"ini": {
				"x64": {
					"opcache.memory_consumption": 256,
					"opcache.interned_strings_buffer": 16,
					"opcache.max_accelerated_files": 8000,
					"opcache.jit_buffer_size": "32M"
				},
				"x86": {
					"opcache.memory_consumption": 64,
					"opcache.interned_strings_buffer": 8,
					"opcache.max_accelerated_files": 4000,
					"opcache.jit_buffer_size": "16M"
				}
			}
		}
	}
}
